id,colors,score,generator,creativity,preset,template,adjacency,capturedAt,source
"1015556dc0c86358361c","#142c3a|#f2efe0|#bd6542|#2c743b","-7.729068756103516","transformer","1.3","default","brand-3","0|75|55|35|75|0|0|0|55|0|0|0|35|0|0|0","2026-09-27T19:06:33.438Z","huemint-brand-3"
"339290aeee16895d2d5d","#fffffc|#363645|#fe2b3f|#d1a6ad","-6.120809555053711","transformer","1.3","default","brand-3","0|75|55|35|75|0|0|0|55|0|0|0|35|0|0|0","2026-09-27T19:06:33.438Z","huemint-brand-3"
"8beaf15d3db6b3f8ce4c","#fbfdff|#47205c|#e55a28|#ffd072","-8.471505165100098","transformer","1.3","default","brand-3","0|75|55|35|75|0|0|0|55|0|0|0|35|0|0|0","2026-09-27T19:06:33.438Z","huemint-brand-3"
"b845358c6a710fe42d30","#b02235|#98dbae|#f7e4e4|#291718","-8.465232849121094","transformer","1.3","default","brand-3","0|75|55|35|75|0|0|0|55|0|0|0|35|0|0|0","2026-09-27T19:06:33.438Z","huemint-brand-3"
"e9b8e32e2cddaa4457fe","#393532|#f3e7e7|#f26959|#c176ae","-8.43523120880127","transformer","1.3","default","brand-3","0|75|55|35|75|0|0|0|55|0|0|0|35|0|0|0","2026-09-27T19:06:33.438Z","huemint-brand-3"
"1524451896bcd35bb7d3","#1c1f22|#e9e3e0|#009ad7|#b0324b","-7.231997489929199","transformer","1.3","default","brand-3","0|75|55|35|75|0|0|0|55|0|0|0|35|0|0|0","2026-09-27T19:27:30.072Z","huemint-brand-3"
"1bab22251c3db02221b7","#141215|#f7c5bc|#9caf65|#395d63","-8.28073787689209","transformer","1.3","default","brand-3","0|75|55|35|75|0|0|0|55|0|0|0|35|0|0|0","2026-09-27T19:27:30.072Z","huemint-brand-3"
"64e1ddb273f952f4f722","#050000|#f1a522|#c03103|#a298e8","-8.177812576293945","transformer","1.3","default","brand-3","0|75|55|35|75|0|0|0|55|0|0|0|35|0|0|0","2026-09-27T19:27:30.072Z","huemint-brand-3"
"6615fc5f21d4baf00e96","#5d5341|#fbf656|#c8f6be|#64b577","-8.63511848449707","transformer","1.3","default","brand-3","0|75|55|35|75|0|0|0|55|0|0|0|35|0|0|0","2026-09-27T19:27:30.072Z","huemint-brand-3"
"92154a79d116f5c88b3a","#191b17|#e2dbb9|#aa8970|#64504a","-7.359034538269043","transformer","1.3","default","brand-3","0|75|55|35|75|0|0|0|55|0|0|0|35|0|0|0","2026-09-27T19:27:30.072Z","huemint-brand-3"
"977977bad9579e2132e6","#ecf8f7|#54191d|#a25b39|#706e64","-8.23521614074707","transformer","1.3","default","brand-3","0|75|55|35|75|0|0|0|55|0|0|0|35|0|0|0","2026-09-27T19:27:30.072Z","huemint-brand-3"
"9e1cd66a1f76e4723af9","#eff4f6|#55272a|#d3693f|#bdb5ac","-8.351534843444824","transformer","1.3","default","brand-3","0|75|55|35|75|0|0|0|55|0|0|0|35|0|0|0","2026-09-27T19:27:30.072Z","huemint-brand-3"
"c3c148cb5d1c7013d445","#05038a|#ffffff|#a4b7ef|#6f88fa","-7.338822841644287","transformer","1.3","default","brand-3","0|75|55|35|75|0|0|0|55|0|0|0|35|0|0|0","2026-09-27T19:27:30.072Z","huemint-brand-3"
"d815677705033fc24367","#1c1e1c|#24e2e4|#be3c0a|#75033c","-9.331082344055176","transformer","1.3","default","brand-3","0|75|55|35|75|0|0|0|55|0|0|0|35|0|0|0","2026-09-27T19:27:30.072Z","huemint-brand-3"
"ddbb58c27967566bd686","#fdfffd|#292b2d|#be497e|#4bc5dc","-7.426840305328369","transformer","1.3","default","brand-3","0|75|55|35|75|0|0|0|55|0|0|0|35|0|0|0","2026-09-27T19:27:30.072Z","huemint-brand-3"
"4135d48c0a5d557d9709","#49262b|#e4e1db|#cb9d64|#c25f3a","-7.145941734313965","transformer","1.3","default","brand-3","0|75|55|35|75|0|0|0|55|0|0|0|35|0|0|0","2026-09-27T19:29:45.856Z","huemint-brand-3"
"48317bf56821a62c59fa","#bfb220|#e10374|#544429|#e2d5c4","-8.40441608428955","transformer","1.3","default","brand-3","0|75|55|35|75|0|0|0|55|0|0|0|35|0|0|0","2026-09-27T19:29:45.856Z","huemint-brand-3"
"5b3ce87c8b330cd3a01f","#fd6302|#1db952|#8dc742|#fff9f8","-8.511942863464355","transformer","1.3","default","brand-3","0|75|55|35|75|0|0|0|55|0|0|0|35|0|0|0","2026-09-27T19:29:45.856Z","huemint-brand-3"
"78678ad0936ee1e3f270","#313642|#f9fafd|#a39d9d|#cf5974","-7.336197376251221","transformer","1.3","default","brand-3","0|75|55|35|75|0|0|0|55|0|0|0|35|0|0|0","2026-09-27T19:29:45.856Z","huemint-brand-3"
"8c0eb66ce1935cf0482d","#fffdff|#592a51|#a45688|#bac09b","-7.120381832122803","transformer","1.3","default","brand-3","0|75|55|35|75|0|0|0|55|0|0|0|35|0|0|0","2026-09-27T19:29:45.856Z","huemint-brand-3"
"a6125b626be1421e80d9","#6c39d3|#2de7d3|#f9faff|#a194cb","-7.243927001953125","transformer","1.3","default","brand-3","0|75|55|35|75|0|0|0|55|0|0|0|35|0|0|0","2026-09-27T19:29:45.856Z","huemint-brand-3"
"bf7e08cad333f066ee8f","#1a355c|#f5f4f2|#ada9a8|#368c7d","-7.260009765625","transformer","1.3","default","brand-3","0|75|55|35|75|0|0|0|55|0|0|0|35|0|0|0","2026-09-27T19:29:45.856Z","huemint-brand-3"
"c68c9cb8454623b82079","#004724|#fffefa|#75b180|#8fc2a1","-8.022218704223633","transformer","1.3","default","brand-3","0|75|55|35|75|0|0|0|55|0|0|0|35|0|0|0","2026-09-27T19:29:45.856Z","huemint-brand-3"
"e05c7372cda3a47018f2","#252625|#f7f7fa|#e1a110|#a58730","-8.414670944213867","transformer","1.3","default","brand-3","0|75|55|35|75|0|0|0|55|0|0|0|35|0|0|0","2026-09-27T19:29:45.856Z","huemint-brand-3"
"fc1c133d0d88e212281d","#fbf6f3|#2e2e2b|#524e4a|#fac100","-6.365631103515625","transformer","1.3","default","brand-3","0|75|55|35|75|0|0|0|55|0|0|0|35|0|0|0","2026-09-27T19:29:45.856Z","huemint-brand-3"
